{
  "distinct_values_cnt": {
    "mu": 3.4625,
    "sigma": 1.795437
  },
  "distinct_values_pct": {
    "mu": 0.975,
    "sigma": 0.156125
  },
  "missing_values_pct": {
    "mu": 0.3075,
    "sigma": 0.359087
  },
  "val_size_avg": {
    "mu": 1835.6725,
    "sigma": 11352.511306
  },
  "val_size_min": {
    "mu": 1834.275,
    "sigma": 11352.734294
  },
  "val_size_max": {
    "mu": 1837.325,
    "sigma": 11352.249661
  },
  "val_size_std": {
    "mu": 1.137725,
    "sigma": 2.154607
  },
  "val_pct_median": {
    "mu": 0.5325,
    "sigma": 0.359435
  },
  "val_pct_min": {
    "mu": 0.5325,
    "sigma": 0.359435
  },
  "val_pct_max": {
    "mu": 0.5325,
    "sigma": 0.359435
  },
  "val_pct_std": {
    "mu": 0.0,
    "sigma": 1.0
  },
  "mean": {
    "mu": 7029587856.751842,
    "sigma": 42759305060.57425
  },
  "std": {
    "mu": 8717640619.264866,
    "sigma": 53027333849.44189
  },
  "min_val": {
    "mu": 162427796.130789,
    "sigma": 988006315.051705
  },
  "max_val": {
    "mu": 22069352041.683422,
    "sigma": 134242612717.49611
  },
  "range_val": {
    "mu": 21906924245.55263,
    "sigma": 133254606402.44833
  },
  "co_of_var": {
    "mu": 0.409942,
    "sigma": 0.184915
  }
}